flow_type,flow_name,sheet_name,status
flow,PLH - Content - Positive - CheckIn - Online adults,Content-Positive-CheckIn-Onl,released
flow,PLH - Content - Positive - CheckIn - Budget adults,Content-Positive-CheckIn-Bud,released
flow,PLH - Content - Positive - CheckIn - Family,Content-Positive-CheckIn-Family,released
flow,PLH - Content - Positive - Safe or unsafe touch,Content-Positive-Safe_or_uns,released
flow,PLH - Content - Positive - CheckIn - Instructions,Content-Positive-CheckIn-Ins,released
flow,PLH - Content - Positive - CheckIn - IPV 1,Content-Positive-CheckIn-IPV_1,released
flow,PLH - Content - Positive - CheckIn - IPV 2,Content-Positive-CheckIn-IPV_2,released
flow,PLH - Content - Positive - CheckIn - IPV 3,Content-Positive-CheckIn-IPV_3,released
flow,PLH - Content - Positive - CheckIn - IPV 4,Content-Positive-CheckIn-IPV_4,released
flow,PLH - Content - Positive - IPV,Content-Positive-IPV,released
flow,PLH - Content - Positive - CheckIn - IPV 5,Content-Positive-CheckIn-IPV_5,released
flow,PLH - Content - Positive - CheckIn - Rules,Content-Positive-CheckIn-Rules,released
flow,PLH - Content - Positive - Behave - Crying - Timed intro,Content-Positive-Behave-Cryi,released
flow,PLH - Content - Positive - Education - Timed intro,Content-Positive-Education-T,released
flow,PLH - Content - Positive - Behave - Praise - Timed intro,Content-Positive-Behave-Prai,released
flow,PLH - Content - Positive - Education,Content-Positive-Education,released
flow,PLH - Content - Positive - Behave - Redirect - Timed intro,Content-Positive-Behave-Redi,released
flow,PLH - Content - Positive - Family - Timed intro,Content-Positive-Family-Time,released
flow,PLH - Content - Positive - Behave - Consequences - Timed intro,Content-Positive-Behave-Cons,released
flow,PLH - Content - Positive - Behave - Consequences,Content-Positive-Behave-Cons_2,released
flow,PLH - Content - Positive - Behave - Crisis - Timed intro,Content-Positive-Behave-Cris,released
flow,PLH - Content - Positive - Behave - Crisis,Content-Positive-Behave-Crisis,released
flow,PLH - Content - Positive - Family,Content-Positive-Family,released
flow,PLH - Content - Positive - Behave - Crying,Content-Positive-Behave-Crying,released
flow,PLH - Content - Positive - Behave - Emotion - Timed intro,Content-Positive-Behave-Emot,released
flow,PLH - Content - Positive - Behave - Emotion,Content-Positive-Behave-Emotion,released
flow,PLH - Content - Positive - Behave - Ignore - Timed intro,Content-Positive-Behave-Igno,released
flow,PLH - Content - Positive - Behave - Ignore,Content-Positive-Behave-Ignore,released
flow,PLH - Content - Positive - Behave - Praise,Content-Positive-Behave-Praise,released
flow,PLH - Content - Positive - Behave - ProblemSolving - Timed intro,Content-Positive-Behave-Prob,released
flow,PLH - Content - Positive - Behave - ProblemSolving,Content-Positive-Behave-Prob_2,released
flow,PLH - Content - Positive - Behave - Redirect,Content-Positive-Behave-Redi_2,released
flow,PLH - Content - Positive - Behave - Routines - Timed intro,Content-Positive-Behave-Rout,released
flow,PLH - Content - Positive - Online adults,Content-Positive-Online_adults,released
flow,PLH - Content - Positive - Book sharing - Timed intro,Content-Positive-Book_sharin,released
flow,PLH - Content - Positive - Book sharing,Content-Positive-Book_sharing,released
flow,PLH - Content - Positive - Budget adults - Timed intro,Content-Positive-Budget_adul,released
flow,PLH - Content - Positive - Budget adults,Content-Positive-Budget_adults,released
flow,PLH - Content - Positive - Budget with children - Timed intro,Content-Positive-Budget_with,released
flow,PLH - Content - Positive - Budget with children,Content-Positive-Budget_with_2,released
flow,PLH - Content - Positive - Behave - Routines,Content-Positive-Behave-Rout_2,released
flow,PLH - Content - Positive - CheckIn - Emotion,Content-Positive-CheckIn-Emo,released
flow,PLH - Content - Positive - IPV - Tip 2,Content-Positive-IPV-Tip_2,released
flow,PLH - Content - Positive - IPV - Tip 3,Content-Positive-IPV-Tip_3,released
flow,PLH - Content - Positive - IPV - Tip 4,Content-Positive-IPV-Tip_4,released
flow,PLH - Content - Positive - IPV - Tip 5,Content-Positive-IPV-Tip_5,released
flow,PLH - Content - Positive - IPV - Tip 1,Content-Positive-IPV-Tip_1,released
flow,PLH - Content - Positive - Introduction,Content-Positive-Introduction,released
flow,PLH - Content - Positive - CheckIn - Praise,Content-Positive-CheckIn-Praise,released
flow,PLH - Content - Positive - CheckIn - Routines,Content-Positive-CheckIn-Rou,released
flow,PLH - Content - Positive - Online adults - Timed intro,Content-Positive-Online_adul,released
flow,PLH - Content - Positive - Online children - Timed intro,Content-Positive-Online_chil,released
flow,PLH - Content - Positive - Online children,Content-Positive-Online_chil_2,released
flow,PLH - Content - Positive - Positive instructions,Content-Positive-Positive_in,released
flow,PLH - Content - Positive - Rules - Timed intro,Content-Positive-Rules-Timed,released
flow,PLH - Content - Positive - Rules,Content-Positive-Rules,released
flow,PLH - Content - Positive - Safe or unsafe touch - Timed intro,Content-Positive-Safe_or_uns_2,released
flow,PLH - Content - Positive - CheckIn - Redirect,Content-Positive-CheckIn-Red,released
flow,PLH - Content - Positive - CheckIn - Book sharing,Content-Positive-CheckIn-Boo,released
flow,PLH - Content - Positive - CheckIn - ProblemSolving,Content-Positive-CheckIn-Pro,released
flow,PLH - Content - Positive - CheckIn - Online children,Content-Positive-CheckIn-Onl_2,released
flow,PLH - Content - Positive - CheckIn - Crying,Content-Positive-CheckIn-Crying,released
flow,PLH - Content - Positive - Community safety,Content-Positive-Community_s,released
flow,PLH - Content - Positive - CheckIn - Crisis,Content-Positive-CheckIn-Crisis,released
flow,PLH - Content - Positive - CheckIn - Safe or unsafe touch,Content-Positive-CheckIn-Saf,released
flow,PLH - Content - Positive - CheckIn - Budget with children,Content-Positive-CheckIn-Bud_2,released
flow,PLH - Content - Positive - CheckIn - Education,Content-Positive-CheckIn-Edu,released
flow,PLH - Content - Positive - CheckIn - Community safety,Content-Positive-CheckIn-Com,released
flow,PLH - Content - Positive - CheckIn - Consequences,Content-Positive-CheckIn-Con,released
flow,PLH - Content - Positive - CheckIn - Ignore,Content-Positive-CheckIn-Ignore,released